<?xml version="1.0" encoding="UTF-8"?>
<project xmlns="http://maven.apache.org/POM/4.0.0" xmlns:xsi="http://www.w3.org/2001/XMLSchema-instance" xsi:schemaLocation="http://maven.apache.org/POM/4.0.0 http://maven.apache.org/maven-v4_0_0.xsd">
  <modelVersion>4.0.0</modelVersion>
  <groupId>com.mysal.queuerooms</groupId>
  <artifactId>firebase-shade</artifactId>
  <name>firebase-shade</name>
  <version>0.0.1-SNAPSHOT</version>
  <url>http://maven.apache.org</url>
  <build>
    <plugins>
      <plugin>
        <artifactId>maven-compiler-plugin</artifactId>
        <version>3.8.1</version>
        <configuration>
          <source>1.8</source>
          <target>1.8</target>
        </configuration>
      </plugin>
      <plugin>
        <artifactId>maven-shade-plugin</artifactId>
        <version>3.2.3</version>
        <executions>
          <execution>
            <phase>package</phase>
            <goals>
              <goal>shade</goal>
            </goals>
            <configuration>
              <relocations>
                <relocation>
                  <pattern>org.codehaus.plexus.util</pattern>
                  <shadedPattern>org.shaded.plexus.util</shadedPattern>
                  <excludes>
                    <exclude>org.codehaus.plexus.util.xml.Xpp3Dom</exclude>
                    <exclude>org.codehaus.plexus.util.xml.pull.*</exclude>
                  </excludes>
                </relocation>
              </relocations>
            </configuration>
          </execution>
        </executions>
      </plugin>
    </plugins>
  </build>
  <dependencies>
    <dependency>
      <groupId>junit</groupId>
      <artifactId>junit</artifactId>
      <version>3.8.1</version>
      <scope>test</scope>
    </dependency>
  </dependencies>
  <properties>
    <project.build.sourceEncoding>UTF-8</project.build.sourceEncoding>
  </properties>
</project>
